{"cameraMode":{"drawMode":0,"name":"Shaded","section":"Shading Mode"},"sceneLighting":true,"audioPlay":false,"sceneViewState":{"m_AlwaysRefresh":false,"showFog":true,"showSkybox":true,"showFlares":true,"showImageEffects":true,"showParticleSystems":true,"showVisualEffectGraphs":true,"m_FxEnabled":true},"in2DMode":false,"pivot":{"x":1.4776588678359986,"y":-0.4548271894454956,"z":-0.06514310836791992},"rotation":{"x":-0.07521849125623703,"y":0.023029636591672899,"z":-0.001737614395096898,"w":-0.9969000816345215},"size":1.2041971683502198,"orthographic":false}